<Ui xmlns="http://www.blizzard.com/wow/ui/"
  xmlns:xsi="http://www.w3.org/2001/XMLSchema-instance" xsi:schemaLocation="http://www.blizzard.com/wow/ui/
..\Blizzard_SharedXML\UI.xsd">
<!--
  **********************************************************************************
    Scroll Template
  **********************************************************************************
-->
  <ScrollFrame name="HideUIScrollFrameTemplate" inherits="ScrollFrameTemplate" virtual="true">
    <KeyValues>
      <KeyValue key="scrollBarHideIfUnscrollable" value="true" type="boolean"/>
      <KeyValue key="scrollBarHideTrackIfThumbExceedsTrack" value="true" type="boolean"/>
      <KeyValue key="scrollBarX" value="-20" type="number"/>
      <KeyValue key="scrollBarTopY" value="-5" type="number"/>
      <KeyValue key="scrollBarBottomY" value="5" type="number"/>
    </KeyValues>
    <Size x="1" y="1"/>
    <Anchors>
      <Anchor point="TOPLEFT"/>
      <Anchor point="BOTTOMRIGHT"/>
    </Anchors>
    <ScrollChild>
      <Frame name="$parentScrollChild">
        <Size x="1" y="1"/>
        <Anchors>
          <Anchor point="TOPLEFT"/>
          <Anchor point="BOTTOMRIGHT"/>
        </Anchors>
      </Frame>
    </ScrollChild>
  </ScrollFrame>
<!--
  **********************************************************************************
    Header Template
  **********************************************************************************
-->
  <Frame name="HideUIHeaderTemplate" virtual="true">
    <Frames>
      <Frame parentKey="Header">
        <Size y="50"/>
        <Anchors>
          <Anchor point="TOPLEFT"/>
          <Anchor point="TOPRIGHT"/>
        </Anchors>
        <Layers>
          <Layer level="ARTWORK">
            <FontString parentKey="Title" inherits="GameFontHighlightHuge" justifyH="LEFT">
              <Anchors>
                <Anchor point="TOPLEFT" x="7" y="-22"/>
              </Anchors>
            </FontString>
            <Texture atlas="Options_HorizontalDivider" useAtlasSize="true">
              <Anchors>
                <Anchor point="TOP" y="-50"/>
              </Anchors>
            </Texture>
          </Layer>
        </Layers>
        <Frames>
          <Button parentKey="DefaultsButton" inherits="UIPanelButtonTemplate">
            <Size x="96" y="22"/>
            <Anchors>
              <Anchor point="TOPRIGHT" x="-36" y="-16"/>
            </Anchors>
          </Button>
        </Frames>
      </Frame>
    </Frames>
  </Frame>
<!--
  **********************************************************************************
    Section Template
  **********************************************************************************
-->
  <Frame name="HideUISectionTemplate" virtual="true">
    <Size x="1" y="1"/>
    <Anchors>
      <Anchor point="TOPLEFT"/>
      <Anchor point="TOPRIGHT"/>
    </Anchors>
    <Frames>
      <Frame parentKey="Header">
        <Size x="1" y="45"/>
        <Anchors>
            <Anchor point="TOPLEFT"/>
            <Anchor point="TOPRIGHT"/>
        </Anchors>
        <Layers>
          <Layer level="OVERLAY">
            <FontString parentKey="Title" inherits="GameFontHighlightLarge" justifyH="LEFT" justifyV="TOP">
              <Anchors>
                <Anchor point="TOPLEFT" x="18" y="-16"/>
              </Anchors>
            </FontString>
          </Layer>
        </Layers>
      </Frame>
      <Frame parentKey="Container">
        <Size x="1" y="1"/>
        <Anchors>
          <Anchor point="TOPLEFT" relativeKey="$parent.Header" relativePoint="BOTTOMLEFT"/>
          <Anchor point="TOPRIGHT" relativeKey="$parent.Header" relativePoint="BOTTOMRIGHT"/>
        </Anchors>
      </Frame>
    </Frames>
  </Frame>
<!--
  **********************************************************************************
    Empty Section Template
  **********************************************************************************
-->
  <Frame name="HideUIEmptySectionTemplate" virtual="true">
    <Size x="1" y="1"/>
    <Anchors>
      <Anchor point="TOPLEFT"/>
      <Anchor point="TOPRIGHT"/>
    </Anchors>
    <Frames>
      <Frame parentKey="Container">
        <Size x="1" y="1"/>
        <Anchors>
          <Anchor point="TOPLEFT"/>
          <Anchor point="TOPRIGHT"/>
        </Anchors>
      </Frame>
    </Frames>
  </Frame>
<!--
  **********************************************************************************
    Expandable Section Template
  **********************************************************************************
-->
  <Frame name="HideUIExpandableSectionTemplate" virtual="true">
    <Size y="25"/>
    <Anchors>
      <Anchor point="TOPLEFT"/>
      <Anchor point="TOPRIGHT"/>
    </Anchors>
    <Frames>
      <Button parentKey="Button">
        <Size y="25"/>
        <Anchors>
          <Anchor point="TOPLEFT" x="0" y="0"/>
          <Anchor point="TOPRIGHT" x="-36" y="0"/>
        </Anchors>
        <Layers>
          <Layer level="BACKGROUND">
            <Texture parentKey="Left" atlas="Options_ListExpand_Left" useAtlasSize="true">
              <Anchors>
                <Anchor point="TOPLEFT" x="10"/> <!-- Probar -->
              </Anchors>
            </Texture>
            <Texture parentKey="Right" atlas="Options_ListExpand_Right" useAtlasSize="true">
              <Anchors>
                <Anchor point="TOPRIGHT"/>
              </Anchors>
            </Texture>
            <Texture atlas="_Options_ListExpand_Middle" useAtlasSize="true">
              <Anchors>
                <Anchor point="TOPLEFT" relativeKey="$parent.Left" relativePoint="TOPRIGHT"/>
                <Anchor point="TOPRIGHT" relativeKey="$parent.Right" relativePoint="TOPLEFT"/>
              </Anchors>
            </Texture>
          </Layer>
          <Layer level="OVERLAY">
            <FontString parentKey="Text" font="GameFontNormal" justifyH="CENTER" maxLines="1">
              <Anchors>
                <Anchor point="LEFT" x="21" y="0"/>
              </Anchors>
            </FontString>
          </Layer>
        </Layers>
      </Button>
      <Frame parentKey="Container">
        <Size x="1" y="1"/>
        <Anchors>
          <Anchor point="TOPLEFT" relativeKey="$parent.Button" relativePoint="BOTTOMLEFT"/>
          <Anchor point="TOPRIGHT" relativeKey="$parent.Button" relativePoint="BOTTOMRIGHT"/>
        </Anchors>
      </Frame>
    </Frames>
  </Frame>
<!--
  **********************************************************************************
    Elemental Base Template
  **********************************************************************************
-->
  <Frame name="HideUIElementTemplate" virtual="true">
    <Layers>
      <Layer level="OVERLAY">
        <FontString parentKey="Text" inherits="GameFontNormal" justifyH="LEFT" wordwrap="false"/>
      </Layer>
    </Layers>
  </Frame>
<!--
  **********************************************************************************
    Checkbox Template
  **********************************************************************************
-->
  <CheckButton name="HideUICheckboxTemplate" virtual="true">
    <Size x="30" y="29"/>
    <Layers>
      <Layer level="BACKGROUND">
        <Texture parentKey="HoverBackground" inherits="HoverBackgroundTemplate"/>
      </Layer>
    </Layers>
    <NormalTexture atlas="checkbox-minimal" useAtlasSize="true"/>
    <PushedTexture atlas="checkbox-minimal" useAtlasSize="true"/>
    <CheckedTexture atlas="checkmark-minimal" useAtlasSize="true"/>
    <DisabledCheckedTexture atlas="checkmark-minimal-disabled" useAtlasSize="true"/>
  </CheckButton>

  <Frame name="HideUICheckboxControlTemplate" inherits="HideUIElementTemplate" virtual="true">
    <Size x="280" y="29"/>
  </Frame>
<!--
  **********************************************************************************
    Slider Template
  **********************************************************************************
-->
  <Frame name="HideUISliderTemplate" enableMouse="true" virtual="true">
    <Size x="250" y="29"/>
    <Frames>
      <Slider parentKey="Slider" inherits="MinimalSliderTemplate"> <!--*inherit Caution-->
        <Anchors>
          <Anchor point="TOPLEFT" x="19"/>
          <Anchor point="BOTTOMRIGHT" x="-19"/>
        </Anchors>
      </Slider>
      <Button parentKey="Back">
        <Size x="11" y="18"/>
        <Anchors>
          <Anchor point="RIGHT" relativeKey="$parent.Slider" relativePoint="LEFT" x="-4"/>
        </Anchors>
        <Layers>
          <Layer level="BACKGROUND">
            <Texture atlas="Minimal_SliderBar_Button_Left" useAtlasSize="true"/>
          </Layer>
        </Layers>
      </Button>
      <Button parentKey="Forward">
        <Size x="9" y="18"/>
        <Anchors>
          <Anchor point="LEFT" relativeKey="$parent.Slider" relativePoint="RIGHT" x="4"/>
        </Anchors>
        <Layers>
          <Layer level="BACKGROUND">
            <Texture atlas="Minimal_SliderBar_Button_Right" useAtlasSize="true"/>
          </Layer>
        </Layers>
      </Button>
    </Frames>
    <Layers>
      <Layer level="OVERLAY">
        <FontString parentKey="RightText" inherits="GameFontNormal" parentArray="Labels" hidden="true">
          <Anchors>
            <Anchor point="LEFT" relativeKey="$parent.Slider" relativePoint="RIGHT" x="25" y="0.5"/>
          </Anchors>
        </FontString>
      </Layer>
    </Layers>
  </Frame>

  <Frame name="HideUISliderControlTemplate" inherits="HideUIElementTemplate" virtual="true">
    <Size x="545" y="29"/>
  </Frame>
  <!--
    **********************************************************************************
      Searchbox Template
    **********************************************************************************
  -->
  <Frame name="HideUISearchBoxTemplate" virtual="true">
    <Size x="1" y="80"/>
    <Anchors>
      <Anchor point="TOPLEFT"/>
      <Anchor point="TOPRIGHT"/>
    </Anchors>
    <Frames>
      <EditBox parentKey="SearchBox" inherits="SearchBoxTemplate" autoFocus="false" historyLines="1" bytes="64" frameLevel="5">
        <Size x="320" y="25"/>
        <Anchors>
          <Anchor point="TOPLEFT" x="20" y="-18"/>
        </Anchors>
      </EditBox>
      <Button parentKey="InsertButton" inherits="UIPanelButtonTemplate">
        <Size x="96" y="24"/>
        <Anchors>
          <Anchor point="TOPLEFT" x="140" y="-50"/>
        </Anchors>
      </Button>
      <Button parentKey="RemoveButton" inherits="UIPanelButtonTemplate">
        <Size x="96" y="23"/>
        <Anchors>
          <Anchor point="TOPLEFT" x="246" y="-50"/>
        </Anchors>
      </Button>
    </Frames>
    <Layers>
      <Layer level="OVERLAY">
        <FontString parentKey="RightText" inherits="GameFontNormal" parentArray="Labels" hidden="true">
          <Anchors>
            <Anchor point="TOPLEFT" x="350" y="-25"/>
            <!-- <Anchor point="LEFT" relativeKey="$parent.Slider" relativePoint="RIGHT" x="25" y="0.5"/> -->
          </Anchors>
        </FontString>
      </Layer>
    </Layers>
  </Frame>

  <!--
    **********************************************************************************
      Button Template
    **********************************************************************************
  -->
  <!-- <Frame name="HideUIButtonControlTemplate" inherits="SettingsListElementTemplate" mixin="HideUIButtonControlMixin" virtual="true">
    <Size x="280" y="26"/>
    <Scripts>
      <OnLoad method="OnLoad"/>
    </Scripts>
  </Frame> -->

  <!-- <EditBox parentKey="SearchBox" inherits="SearchBoxTemplate" autoFocus="false" historyLines="1" bytes="64" frameLevel="5">
        <Size x="350" y="22"/>
        <Anchors>
          <Anchor point="BOTTOMRIGHT" relativeKey="$parent.Container" relativePoint="TOPRIGHT" x="4" y="20"/>
        </Anchors>
      </EditBox> -->
</Ui>